Neighbourhood Number,Neighbourhood Name,Area Sq Km,Latitude,Longitude,Location,Geometry Point
5190,Falconer Heights,0.650282768,53.466721,-113.588524,"(53.46672055034112, -113.5885237020751)",POINT (-113.5885237020751 53.46672055034112)
5454,Rutherford,2.249954931,53.416765,-113.529788,"(53.416764847830855, -113.5297880243958)",POINT (-113.5297880243958 53.416764847830855)
6100,Coronet Industrial,1.60685419,53.493966,-113.478976,"(53.49396620637943, -113.47897563494126)",POINT (-113.47897563494126 53.49396620637943)
5380,River Valley Terwillegar,3.077820679,53.476838,-113.61257,"(53.47683790531988, -113.61256967045574)",POINT (-113.61256967045574 53.47683790531988)
6664,Decoteau North,3.750304079,53.433217,-113.350674,"(53.43321724004238, -113.3506741976723)",POINT (-113.3506741976723 53.43321724004238)
1150,Oliver,1.709665266,53.541983,-113.523994,"(53.541982930616356, -113.52399393488137)",POINT (-113.52399393488137 53.541982930616356)
6410,Maple Ridge,0.689270171,53.50205,-113.363063,"(53.50205016060801, -113.36306273211082)",POINT (-113.36306273211082 53.50205016060801)
6195,South Edmonton Common,1.401998027,53.446694,-113.486079,"(53.446694303569515, -113.48607861165186)",POINT (-113.48607861165186 53.446694303569515)
5330,Queen Alexandra,1.23599332,53.51222,-113.504812,"(53.51221971864601, -113.50481243704536)",POINT (-113.50481243704536 53.51221971864601)
6770,Weinlos,0.916813824,53.459907,-113.413836,"(53.459906787332415, -113.41383602707519)",POINT (-113.41383602707519 53.459906787332415)
5578,Glenridding Heights,0.925825452,53.420767,-113.604156,"(53.420766884437086, -113.6041560191342)",POINT (-113.6041560191342 53.420766884437086)
5468,Graydon Hill,0.658965462,53.421257,-113.559297,"(53.42125726511837, -113.5592969195822)",POINT (-113.5592969195822 53.42125726511837)
5230,Henderson Estates,0.786738814,53.467635,-113.597447,"(53.46763523589928, -113.59744727998496)",POINT (-113.59744727998496 53.46763523589928)
5260,Lansdowne,0.578506248,53.486625,-113.545997,"(53.486625463080586, -113.54599669897877)",POINT (-113.54599669897877 53.486625463080586)
4750,Rosenthal,2.653889622,53.519753,-113.70121,"(53.51975263329648, -113.70120995084932)",POINT (-113.70120995084932 53.51975263329648)
4469,River's Edge,3.026372941,53.45285,-113.644512,"(53.45285008853461, -113.64451163271949)",POINT (-113.64451163271949 53.45285008853461)
6400,Lee Ridge,0.898035537,53.469593,-113.444355,"(53.469592971453245, -113.44435531960228)",POINT (-113.44435531960228 53.469592971453245)
5160,Duggan,1.390160001,53.47151,-113.506058,"(53.47151002842301, -113.50605757700018)",POINT (-113.50605757700018 53.47151002842301)
4720,Glastonbury,1.784945957,53.503187,-113.66987,"(53.50318729764258, -113.66986988345468)",POINT (-113.66986988345468 53.50318729764258)
3382,River Valley Laurier,1.243484002,53.510583,-113.553323,"(53.51058347704698, -113.55332311351657)",POINT (-113.55332311351657 53.51058347704698)
5511,Twin Brooks,2.137355128,53.444689,-113.531497,"(53.444688598308645, -113.53149747692723)",POINT (-113.53149747692723 53.444688598308645)
4190,Hawin Park Estate Industrial,0.678200086,53.574851,-113.596574,"(53.57485072724927, -113.59657383730948)",POINT (-113.59657383730948 53.57485072724927)
4080,Callingwood South,0.772228218,53.500515,-113.623031,"(53.500514879202484, -113.6230308737385)",POINT (-113.6230308737385 53.500514879202484)
4540,Terra Losa,0.761299568,53.533293,-113.622178,"(53.53329320017489, -113.62217806446893)",POINT (-113.62217806446893 53.53329320017489)
4200,High Park,0.719230112,53.554986,-113.584199,"(53.55498578246069, -113.58419925845797)",POINT (-113.58419925845797 53.55498578246069)
6240,Fulton Place,0.978513183,53.546295,-113.427466,"(53.54629463727215, -113.42746647253244)",POINT (-113.42746647253244 53.54629463727215)
3060,Caernarvon,1.228850005,53.6119,-113.526402,"(53.611899751032084, -113.52640171559892)",POINT (-113.52640171559892 53.611899751032084)
6213,Summerside,3.91101986,53.417528,-113.461227,"(53.417527612947964, -113.461227376245)",POINT (-113.461227376245 53.417527612947964)
3180,Dunluce,2.227150455,53.621473,-113.530183,"(53.621472989031105, -113.53018332469873)",POINT (-113.53018332469873 53.621472989031105)
4440,River Valley Lessard North,0.79419017,53.504195,-113.584827,"(53.504195315820766, -113.58482693803155)",POINT (-113.58482693803155 53.504195315820766)
6760,Tweddle Place,1.119256262,53.47837,-113.45916,"(53.47836951495941, -113.45916009559335)",POINT (-113.45916009559335 53.47836951495941)
6340,Kameyosek,0.72159953,53.461919,-113.442068,"(53.46191874301442, -113.44206793427637)",POINT (-113.44206793427637 53.46191874301442)
2290,Glengarry,1.344767417,53.595855,-113.479612,"(53.59585546340982, -113.47961172100503)",POINT (-113.47961172100503 53.59585546340982)
4485,Lewis Farms Industrial,0.764211466,53.537548,-113.682864,"(53.53754834045398, -113.68286409708784)",POINT (-113.68286409708784 53.53754834045398)
5405,River Valley Windermere,2.829677314,53.436399,-113.636544,"(53.436398927087644, -113.63654392455123)",POINT (-113.63654392455123 53.436398927087644)
4477,Kinglet Gardens,2.637136934,53.577379,-113.701417,"(53.57737921937217, -113.70141746028726)",POINT (-113.70141746028726 53.57737921937217)
3410,Sherbrooke,0.926198949,53.575663,-113.547286,"(53.57566320833989, -113.54728563480555)",POINT (-113.54728563480555 53.57566320833989)
3260,Lauderdale,1.301509581,53.588449,-113.504256,"(53.58844884918568, -113.5042561895271)",POINT (-113.5042561895271 53.58844884918568)
4463,Riverview Area,10.27623048,53.425065,-113.663977,"(53.425064564233075, -113.66397668601269)",POINT (-113.66397668601269 53.425064564233075)
3440,Westmount,1.864285427,53.549988,-113.539974,"(53.54998824567558, -113.53997376593313)",POINT (-113.53997376593313 53.54998824567558)
6520,Mill Woods Town Centre,0.518415531,53.456458,-113.42748,"(53.45645846262913, -113.42748006003345)",POINT (-113.42748006003345 53.45645846262913)
4060,Britannia Youngstown,1.638283481,53.546295,-113.60151,"(53.546294619699125, -113.60151037145036)",POINT (-113.60151037145036 53.546294619699125)
6700,Strathcona Industrial Park,2.676954614,53.474056,-113.478776,"(53.474056405942974, -113.47877608234107)",POINT (-113.47877608234107 53.474056405942974)
4520,Summerlea,1.100465963,53.525627,-113.622633,"(53.525626554193735, -113.62263331985795)",POINT (-113.62263331985795 53.525626554193735)
4100,Carleton Square Industrial,0.410191631,53.57343,-113.608881,"(53.57343036695697, -113.60888124589249)",POINT (-113.60888124589249 53.57343036695697)
2030,Bannerman,0.733094192,53.60395,-113.378624,"(53.60394967909537, -113.37862372109305)",POINT (-113.37862372109305 53.60394967909537)
4012,Anthony Henday South West,4.547862961,53.464531,-113.637545,"(53.46453105315928, -113.63754527999589)",POINT (-113.63754527999589 53.46453105315928)
5466,Cashman,1.075855726,53.417458,-113.500695,"(53.417457576662756, -113.5006947004733)",POINT (-113.5006947004733 53.417457576662756)
5090,Brookside,1.194912121,53.491831,-113.568128,"(53.49183125791596, -113.56812781323816)",POINT (-113.56812781323816 53.49183125791596)
5100,Bulyea Heights,1.481005919,53.474747,-113.569424,"(53.474747116876706, -113.56942401003866)",POINT (-113.56942401003866 53.474747116876706)
2350,Homesteader,1.577836273,53.58472,-113.406459,"(53.58472042005873, -113.40645879994679)",POINT (-113.40645879994679 53.58472042005873)
2330,Highlands,1.147095825,53.565999,-113.430171,"(53.5659985899366, -113.43017053031933)",POINT (-113.43017053031933 53.5659985899366)
4290,Mayfield,0.867205324,53.555018,-113.59817,"(53.555018032798024, -113.59817021632989)",POINT (-113.59817021632989 53.555018032798024)
6570,Parsons Industrial,2.627118273,53.459795,-113.479382,"(53.45979539090987, -113.47938184232541)",POINT (-113.47938184232541 53.45979539090987)
4740,Webber Greens,1.136128318,53.530309,-113.676683,"(53.530309062031634, -113.6766833259057)",POINT (-113.6766833259057 53.530309062031634)
3050,Brown Industrial,0.375577825,53.582399,-113.568007,"(53.58239893620991, -113.56800736978647)",POINT (-113.56800736978647 53.58239893620991)
3150,Cumberland,1.456552453,53.610563,-113.553188,"(53.61056256776709, -113.55318813533495)",POINT (-113.55318813533495 53.61056256776709)
5470,Steinhauer,0.919831343,53.464529,-113.505938,"(53.46452881937576, -113.5059380229066)",POINT (-113.5059380229066 53.46452881937576)
2311,Gorman,2.909871793,53.623226,-113.38772,"(53.62322563898233, -113.38771998363745)",POINT (-113.38771998363745 53.62322563898233)
4430,Rio Terrace,0.582752352,53.507314,-113.584549,"(53.507314208720445, -113.58454862363249)",POINT (-113.58454862363249 53.507314208720445)
4018,Anthony Henday Big Lake,3.217779961,53.592211,-113.647881,"(53.592211358669644, -113.64788090698353)",POINT (-113.64788090698353 53.592211358669644)
2270,Evergreen,0.656220009,53.632277,-113.350484,"(53.63227726644656, -113.35048373187111)",POINT (-113.35048373187111 53.63227726644656)
6662,Walker,2.634179918,53.417651,-113.430435,"(53.41765060534617, -113.43043517236968)",POINT (-113.43043517236968 53.41765060534617)
6600,Richfield,0.944326678,53.469484,-113.458618,"(53.4694839683347, -113.45861750613018)",POINT (-113.45861750613018 53.4694839683347)
5550,Whitemud Creek Ravine North,0.752649645,53.486798,-113.556604,"(53.48679813431966, -113.55660432577199)",POINT (-113.55660432577199 53.48679813431966)
2710,Sifton Park,0.504042686,53.594525,-113.408402,"(53.59452510256868, -113.4084016044548)",POINT (-113.4084016044548 53.59452510256868)
6730,Terrace Heights,0.759785972,53.542081,-113.437801,"(53.542080743587455, -113.43780112956907)",POINT (-113.43780112956907 53.542080743587455)
4478,Pintail Landing,2.115744749,53.578414,-113.676609,"(53.57841373708909, -113.67660915273956)",POINT (-113.67660915273956 53.57841373708909)
3480,Hudson,0.736099087,53.604587,-113.553396,"(53.60458741126075, -113.55339575677799)",POINT (-113.55339575677799 53.60458741126075)
6442,Silver Berry,2.161978581,53.461159,-113.381406,"(53.461158969243044, -113.38140615996561)",POINT (-113.38140615996561 53.461158969243044)
2700,Schonsee,1.244692604,53.632363,-113.455146,"(53.63236258167562, -113.45514587837019)",POINT (-113.45514587837019 53.63236258167562)
5590,Blackburne,0.726415336,53.429071,-113.498309,"(53.42907132881578, -113.49830890620795)",POINT (-113.49830890620795 53.42907132881578)
1070,Cromdale,0.35887892,53.559061,-113.469043,"(53.55906091693039, -113.46904309009568)",POINT (-113.46904309009568 53.55906091693039)
2320,Hairsine,0.659467121,53.603838,-113.390923,"(53.60383771828289, -113.39092316159207)",POINT (-113.39092316159207 53.60383771828289)
4620,Westview Village,0.925300143,53.552222,-113.696668,"(53.55222205604668, -113.69666819900559)",POINT (-113.69666819900559 53.55222205604668)
3240,Inglewood,1.649850704,53.564606,-113.540852,"(53.56460646698089, -113.5408521708131)",POINT (-113.5408521708131 53.56460646698089)
1220,Rossdale,0.903141304,53.533155,-113.495797,"(53.53315473451525, -113.49579654469292)",POINT (-113.49579654469292 53.53315473451525)
1030,Central McDougall,1.202116911,53.553332,-113.501068,"(53.553331828524456, -113.50106809472395)",POINT (-113.50106809472395 53.553331828524456)
3220,Hagmann Estate Industrial,0.527778665,53.582176,-113.54495,"(53.58217611124326, -113.54495044190105)",POINT (-113.54495044190105 53.58217611124326)
4017,Anthony Henday Lake District,1.999250805,53.646909,-113.467371,"(53.64690939449852, -113.46737130801696)",POINT (-113.46737130801696 53.64690939449852)
4020,Aldergrove,1.490596016,53.516888,-113.641242,"(53.51688846991007, -113.64124199085683)",POINT (-113.64124199085683 53.51688846991007)
6260,Girard Industrial,0.497379971,53.51117,-113.437724,"(53.5111698547205, -113.43772379533199)",POINT (-113.43772379533199 53.5111698547205)
4022,Anthony Henday Clareview,1.354765146,53.618122,-113.357774,"(53.61812201213624, -113.3577738201179)",POINT (-113.3577738201179 53.61812201213624)
2530,McLeod,0.966538166,53.610353,-113.436671,"(53.61035321333695, -113.43667134671236)",POINT (-113.43667134671236 53.61035321333695)
4170,Garside Industrial,0.664488131,53.56675,-113.584178,"(53.56674982087874, -113.58417782459665)",POINT (-113.58417782459665 53.56674982087874)
6720,Tawa,0.664650395,53.461933,-113.427712,"(53.461932939768474, -113.42771213061141)",POINT (-113.42771213061141 53.461932939768474)
5151,Strathcona Junction,0.586610832,53.5082,-113.49469,"(53.50820045649327, -113.4946902943883)",POINT (-113.4946902943883 53.50820045649327)
3200,Glenora,1.621640056,53.544905,-113.557043,"(53.544904705207486, -113.55704251234017)",POINT (-113.55704251234017 53.544904705207486)
5579,Glenridding Ravine,2.69355968,53.410256,-113.608497,"(53.4102559432277, -113.60849679709432)",POINT (-113.60849679709432 53.4102559432277)
2400,Kildare,1.188673329,53.603293,-113.45515,"(53.60329283648903, -113.45515009570993)",POINT (-113.45515009570993 53.60329283648903)
4023,Anthony Henday Rampart,3.150181565,53.627635,-113.576203,"(53.62763458998669, -113.57620348379314)",POINT (-113.57620348379314 53.62763458998669)
3470,Carlton,1.206293559,53.621652,-113.559373,"(53.62165163516955, -113.55937325056279)",POINT (-113.55937325056279 53.62165163516955)
6170,Davies Industrial West,1.327029305,53.498436,-113.45036,"(53.49843616392958, -113.45035999966888)",POINT (-113.45035999966888 53.49843616392958)
6670,Sakaw,1.112077929,53.44198,-113.428828,"(53.44197993222192, -113.42882827217448)",POINT (-113.42882827217448 53.44197993222192)
8887,Edmonton South Central,34.56154725,53.3666,-113.571339,"(53.36660041945792, -113.57133935899353)",POINT (-113.57133935899353 53.36660041945792)
2630,River Valley Hermitage,2.181540097,53.591428,-113.408502,"(53.59142827242462, -113.40850196642839)",POINT (-113.40850196642839 53.59142827242462)
2500,Matt Berry,1.137771758,53.622254,-113.436022,"(53.62225395912099, -113.4360215291225)",POINT (-113.4360215291225 53.62225395912099)
6300,Hillview,1.102185648,53.46974,-113.427064,"(53.4697404141144, -113.42706400402514)",POINT (-113.42706400402514 53.4697404141144)
6230,Forest Heights,1.627311942,53.544537,-113.45125,"(53.544537072280974, -113.45125000606618)",POINT (-113.45125000606618 53.544537072280974)
2040,Beacon Heights,1.150205831,53.573539,-113.40604,"(53.57353937720545, -113.40604010233069)",POINT (-113.40604010233069 53.57353937720545)
3300,McQueen,0.705743961,53.554938,-113.571842,"(53.55493822806399, -113.57184249447859)",POINT (-113.57184249447859 53.55493822806399)
5060,Blue Quill,1.058050286,53.457627,-113.526237,"(53.45762652276185, -113.52623651519588)",POINT (-113.52623651519588 53.45762652276185)
4486,Stewart Greens,0.694723048,53.537584,-113.670536,"(53.537583614786115, -113.67053575222548)",POINT (-113.67053575222548 53.537583614786115)
6790,Wild Rose,1.772290011,53.470564,-113.381167,"(53.47056409015751, -113.3811672388747)",POINT (-113.3811672388747 53.47056409015751)
6460,Meyokumin,0.974079704,53.450113,-113.427258,"(53.4501131309388, -113.42725752651549)",POINT (-113.42725752651549 53.4501131309388)
3310,North Glenora,0.866766994,53.554941,-113.558265,"(53.554940888671084, -113.55826514897456)",POINT (-113.55826514897456 53.554940888671084)
6350,Kenilworth,1.148417585,53.521633,-113.431042,"(53.52163312280284, -113.43104243959984)",POINT (-113.43104243959984 53.52163312280284)
4014,Anthony Henday South,2.711568475,53.432209,-113.547667,"(53.432208842560044, -113.54766664487414)",POINT (-113.54766664487414 53.432208842560044)
6370,Kiniski Gardens,1.959489634,53.475924,-113.403303,"(53.47592374896073, -113.40330287696551)",POINT (-113.40330287696551 53.47592374896073)
1090,Downtown,2.309263885,53.539767,-113.499421,"(53.5397665935903, -113.49942068339652)",POINT (-113.49942068339652 53.5397665935903)
5565,Whitemud Creek Ravine Twin Brooks,1.63885781,53.442815,-113.54469,"(53.442814900952555, -113.54468951256436)",POINT (-113.54468951256436 53.442814900952555)
6663,Decoteau,12.77165064,53.41028,-113.369086,"(53.41027983946482, -113.36908558830032)",POINT (-113.36908558830032 53.41027983946482)
4464,The Uplands,3.572663224,53.461707,-113.65822,"(53.461707245797, -113.65821967469566)",POINT (-113.65821967469566 53.461707245797)
4230,Jasper Park,0.665285409,53.52307,-113.584105,"(53.523070066898704, -113.58410530217142)",POINT (-113.58410530217142 53.523070066898704)
3170,Dovercourt,1.001265081,53.575727,-113.559534,"(53.57572651756179, -113.55953411141283)",POINT (-113.55953411141283 53.57572651756179)
3190,Elsinore,0.841468209,53.640763,-113.499402,"(53.64076339210679, -113.49940214606396)",POINT (-113.49940214606396 53.64076339210679)
2390,Kernohan,0.891282105,53.5894,-113.380164,"(53.58939978192427, -113.38016431101529)",POINT (-113.38016431101529 53.58939978192427)
5570,Windermere,4.773447486,53.432563,-113.626008,"(53.43256309588482, -113.62600779671197)",POINT (-113.62600779671197 53.43256309588482)
3430,Wellington,1.219222728,53.595833,-113.552695,"(53.59583297330853, -113.55269493371438)",POINT (-113.55269493371438 53.59583297330853)
2560,Newton,1.065556324,53.576424,-113.424532,"(53.576424371861776, -113.42453203198151)",POINT (-113.42453203198151 53.576424371861776)
4487,Secord,2.653531964,53.533862,-113.701352,"(53.53386206901972, -113.70135225119625)",POINT (-113.70135225119625 53.53386206901972)
4140,Elmwood,1.025925189,53.515738,-113.605993,"(53.515738255461834, -113.60599332906781)",POINT (-113.60599332906781 53.515738255461834)
5130,Carter Crest,0.666751901,53.464885,-113.577802,"(53.46488524760014, -113.57780188747415)",POINT (-113.57780188747415 53.46488524760014)
1270,Yellowhead Corridor East,1.430508562,53.579205,-113.451964,"(53.57920536701183, -113.4519641880081)",POINT (-113.4519641880081 53.57920536701183)
6530,Minchau,0.905518905,53.469829,-113.412766,"(53.46982918280456, -113.41276586378572)",POINT (-113.41276586378572 53.46982918280456)
4350,Norwester Industrial,0.688147604,53.566738,-113.608884,"(53.56673770424075, -113.60888372765902)",POINT (-113.60888372765902 53.56673770424075)
6330,Jackson Heights,1.267804746,53.48166,-113.410848,"(53.481660241744535, -113.41084771732)",POINT (-113.41084771732 53.481660241744535)
6441,Maple,1.831670319,53.475394,-113.354102,"(53.47539365142108, -113.35410220279269)",POINT (-113.35410220279269 53.47539365142108)
4280,Lynnwood,0.89501517,53.515701,-113.589909,"(53.51570132512691, -113.58990906495784)",POINT (-113.58990906495784 53.51570132512691)
6250,Gainer Industrial,0.342464542,53.516111,-113.424517,"(53.51611056578212, -113.42451661065832)",POINT (-113.42451661065832 53.51611056578212)
6450,Menisa,0.894270243,53.44207,-113.447375,"(53.44206966002856, -113.44737493654873)",POINT (-113.44737493654873 53.44206966002856)
4490,Sheffield Industrial,0.379683786,53.560816,-113.596596,"(53.56081597101263, -113.5965957203426)",POINT (-113.5965957203426 53.56081597101263)
4468,Stillwater,3.369544768,53.443256,-113.676743,"(53.44325646560284, -113.67674311132737)",POINT (-113.67674311132737 53.44325646560284)
4210,High Park Industrial,0.388799173,53.56104,-113.584248,"(53.56103990686198, -113.5842482432311)",POINT (-113.5842482432311 53.56103990686198)
2280,Fraser,1.308532517,53.610382,-113.374782,"(53.610382173879735, -113.37478157988564)",POINT (-113.37478157988564 53.610382173879735)
6640,Roper Industrial,2.948912143,53.4958,-113.430431,"(53.49580024651547, -113.43043074541949)",POINT (-113.43043074541949 53.49580024651547)
4473,Hawks Ridge,1.483260044,53.588457,-113.701466,"(53.58845698087801, -113.7014664423935)",POINT (-113.7014664423935 53.58845698087801)
5560,Whitemud Creek Ravine South,2.249951222,53.468499,-113.560341,"(53.46849885499151, -113.56034051757943)",POINT (-113.56034051757943 53.46849885499151)
2720,York,1.188834109,53.602843,-113.430212,"(53.602843422226414, -113.43021231041563)",POINT (-113.43021231041563 53.602843422226414)
2660,Rundle Heights,0.823977764,53.563221,-113.391922,"(53.563221377701616, -113.39192226136683)",POINT (-113.39192226136683 53.563221377701616)
4021,Anthony Henday Horse Hill,1.121810608,53.633205,-113.38747,"(53.6332051337456, -113.38747014506421)",POINT (-113.38747014506421 53.6332051337456)
4360,Oleskiw,1.325996346,53.49734,-113.608765,"(53.49733975805122, -113.60876540591585)",POINT (-113.60876540591585 53.49733975805122)
2671,Marquis,9.979104532,53.650586,-113.325964,"(53.65058566599254, -113.32596410860153)",POINT (-113.32596410860153 53.65058566599254)
5469,Paisley,0.65311431,53.414011,-113.559273,"(53.41401134118655, -113.55927337307764)",POINT (-113.55927337307764 53.41401134118655)
2511,Mayliewan,1.195862614,53.62229,-113.460264,"(53.62229029864068, -113.46026446188358)",POINT (-113.46026446188358 53.62229029864068)
4240,La Perle,1.335331748,53.533088,-113.640709,"(53.53308754559413, -113.6407085980886)",POINT (-113.6407085980886 53.53308754559413)
1280,Yellowhead Corridor West,1.164862387,53.582841,-113.512729,"(53.58284074814297, -113.51272863330269)",POINT (-113.51272863330269 53.58284074814297)
6420,Maple Ridge Industrial,3.745472437,53.498009,-113.356365,"(53.49800897204049, -113.35636503425494)",POINT (-113.35636503425494 53.49800897204049)
1160,Parkdale,0.951677942,53.565716,-113.47135,"(53.56571569943334, -113.4713503779581)",POINT (-113.4713503779581 53.56571569943334)
6500,Mill Woods Golf Course,1.394112761,53.482062,-113.430425,"(53.48206208566782, -113.43042543602212)",POINT (-113.43042543602212 53.48206208566782)
4466,Cameron Heights,0.968762857,53.474127,-113.634359,"(53.47412664878577, -113.6343594265562)",POINT (-113.6343594265562 53.47412664878577)
4130,Edmiston Industrial,1.182252873,53.565847,-113.632747,"(53.56584737012882, -113.63274685345706)",POINT (-113.63274685345706 53.56584737012882)
2230,Delwood,1.334660715,53.595949,-113.45513,"(53.59594894276053, -113.4551303486196)",POINT (-113.4551303486196 53.59594894276053)
5401,River Valley Fort Edmonton,0.990623024,53.500911,-113.581031,"(53.50091068696626, -113.58103079344446)",POINT (-113.58103079344446 53.50091068696626)
6680,Satoo,1.312641975,53.446373,-113.458892,"(53.44637282810994, -113.45889160765203)",POINT (-113.45889160765203 53.44637282810994)
4570,Wedgewood Heights,0.708630278,53.478714,-113.64658,"(53.47871449416715, -113.64658024133502)",POINT (-113.64658024133502 53.47871449416715)
2080,Belvedere,1.673634048,53.591057,-113.436063,"(53.59105689715699, -113.436062931766)",POINT (-113.436062931766 53.59105689715699)
3210,Grovenor,0.920761725,53.545399,-113.571912,"(53.54539881319475, -113.57191166572068)",POINT (-113.57191166572068 53.54539881319475)
6110,CPR Irvine,0.663609744,53.507527,-113.490549,"(53.50752668934572, -113.4905491361979)",POINT (-113.4905491361979 53.50752668934572)
6470,Meyonohk,0.873954039,53.455342,-113.457243,"(53.455341806482764, -113.45724258627415)",POINT (-113.45724258627415 53.455341806482764)
5180,Ermineskin,1.204175635,53.457639,-113.505728,"(53.45763949074272, -113.50572830551565)",POINT (-113.50572830551565 53.45763949074272)
3111,Griesbach,2.696719632,53.606808,-113.504229,"(53.606808368716784, -113.50422914591672)",POINT (-113.50422914591672 53.606808368716784)
4580,West Jasper Place,0.890709249,53.53663,-113.584144,"(53.53662987133278, -113.58414434604617)",POINT (-113.58414434604617 53.53662987133278)
6030,Bisset,0.943123749,53.458905,-113.400659,"(53.45890549448208, -113.40065946435666)",POINT (-113.40065946435666 53.45890549448208)
5467,Cavanagh,1.939596073,53.405981,-113.512019,"(53.40598149543786, -113.51201888496817)",POINT (-113.51201888496817 53.40598149543786)
5020,Aspen Gardens,0.666305577,53.477535,-113.545664,"(53.4775353137158, -113.54566430757839)",POINT (-113.54566430757839 53.4775353137158)
6211,Ellerslie,1.579637406,53.428545,-113.457731,"(53.428545409104174, -113.45773137943719)",POINT (-113.45773137943719 53.428545409104174)
5575,Windermere Area,3.713270581,53.403015,-113.631796,"(53.40301453182545, -113.63179590032422)",POINT (-113.63179590032422 53.40301453182545)
5010,Allendale,0.883530645,53.502277,-113.504821,"(53.50227700015803, -113.50482111013511)",POINT (-113.50482111013511 53.50227700015803)
3120,Chambery,0.728801619,53.640764,-113.511761,"(53.640763764687975, -113.51176139201553)",POINT (-113.51176139201553 53.640763764687975)
5640,Terwillegar Towne,1.869542026,53.45067,-113.577738,"(53.45067025466003, -113.5777384340015)",POINT (-113.5777384340015 53.45067025466003)
6580,Pollard Meadows,1.052584872,53.449115,-113.413032,"(53.44911501879785, -113.41303221696194)",POINT (-113.41303221696194 53.44911501879785)
3360,Rampart Industrial,3.639806963,53.614087,-113.5779,"(53.61408716665255, -113.57790016806192)",POINT (-113.57790016806192 53.61408716665255)
3350,Prince Charles,0.79011728,53.575635,-113.536002,"(53.575635452188386, -113.53600199079429)",POINT (-113.53600199079429 53.575635452188386)
1190,River Valley Kinnaird,0.855767857,53.554249,-113.469524,"(53.55424923247722, -113.46952354863328)",POINT (-113.46952354863328 53.55424923247722)
1130,Elmwood Park,0.479573438,53.579591,-113.460917,"(53.579591384284306, -113.46091680973095)",POINT (-113.46091680973095 53.579591384284306)
1080,Delton,0.679807429,53.579046,-113.482449,"(53.57904638464889, -113.48244944665866)",POINT (-113.48244944665866 53.57904638464889)
4500,Sherwood,0.44069687,53.529102,-113.584145,"(53.529101766623015, -113.58414504983935)",POINT (-113.58414504983935 53.529101766623015)
1020,Boyle Street,0.881352169,53.547631,-113.479263,"(53.547631045669235, -113.47926288099585)",POINT (-113.47926288099585 53.547631045669235)
4670,Winterburn Industrial Area West,4.340206383,53.562804,-113.701391,"(53.562803614238916, -113.70139052246645)",POINT (-113.70139052246645 53.562803614238916)
5540,Westbrook Estates,1.165428147,53.468213,-113.544452,"(53.46821272972812, -113.54445207698336)",POINT (-113.54445207698336 53.46821272972812)
3290,McArthur Industrial,0.574667189,53.594324,-113.564262,"(53.59432400115759, -113.56426243493866)",POINT (-113.56426243493866 53.59432400115759)
4016,Anthony Henday Castledowns,1.998027066,53.643298,-113.533281,"(53.64329787171042, -113.53328134707098)",POINT (-113.53328134707098 53.64329787171042)
5340,Ramsay Heights,1.310840432,53.483368,-113.579034,"(53.483367623497735, -113.57903399166699)",POINT (-113.57903399166699 53.483367623497735)
6380,Lambton Industrial,0.638283305,53.522269,-113.413848,"(53.52226920929631, -113.41384788971564)",POINT (-113.41384788971564 53.52226920929631)
6630,River Valley Riverside,1.249359602,53.548459,-113.463397,"(53.54845932800452, -113.46339725832391)",POINT (-113.46339725832391 53.54845932800452)
1170,Prince Rupert,1.144950029,53.564595,-113.524118,"(53.56459450201589, -113.52411765329595)",POINT (-113.52411765329595 53.56459450201589)
6610,Ritchie,1.27010192,53.513275,-113.482742,"(53.51327510136197, -113.48274211553915)",POINT (-113.48274211553915 53.51327510136197)
2611,Cy Becker,1.011980149,53.632363,-113.406924,"(53.63236275941958, -113.40692407533237)",POINT (-113.40692407533237 53.63236275941958)
4451,River Valley Oleskiw,2.473088412,53.488851,-113.601428,"(53.48885107431074, -113.60142818278396)",POINT (-113.60142818278396 53.48885107431074)
3020,Baranow,0.779205035,53.605734,-113.536103,"(53.605734484241324, -113.53610327823839)",POINT (-113.53610327823839 53.605734484241324)
4560,Thorncliff,0.898130392,53.516698,-113.622828,"(53.516698393669, -113.62282783095934)",POINT (-113.62282783095934 53.516698393669)
6510,Mill Woods Park,0.490425045,53.455865,-113.441306,"(53.4558654123871, -113.44130550418193)",POINT (-113.44130550418193 53.4558654123871)
4710,Potter Greens,1.181914253,53.518279,-113.6726,"(53.51827868869546, -113.67260032325808)",POINT (-113.67260032325808 53.51827868869546)
2690,Rural North East South Sturgeon,15.45075746,53.618981,-113.323512,"(53.61898141942335, -113.32351202041409)",POINT (-113.32351202041409 53.61898141942335)
3330,Parkview,1.546448246,53.52406,-113.567914,"(53.524060365765735, -113.56791414354251)",POINT (-113.56791414354251 53.524060365765735)
5620,Hodgson,0.690446028,53.457673,-113.559807,"(53.45767349901615, -113.55980720018559)",POINT (-113.55980720018559 53.45767349901615)
4019,Anthony Henday Energy Park,2.294456414,53.639588,-113.407223,"(53.63958765126128, -113.40722274479998)",POINT (-113.40722274479998 53.63958765126128)
3090,Carlisle,0.961896778,53.60352,-113.525915,"(53.603520218665025, -113.5259146262839)",POINT (-113.5259146262839 53.603520218665025)
2450,Lago Lindo,1.305513784,53.636039,-113.484647,"(53.636039092708586, -113.48464731636797)",POINT (-113.48464731636797 53.636039092708586)
2420,Killarney,1.333083361,53.588489,-113.479568,"(53.58848869298595, -113.47956836782039)",POINT (-113.47956836782039 53.58848869298595)
6090,Coronet Addition Industrial,0.433169817,53.502729,-113.451653,"(53.50272856255465, -113.45165308213605)",POINT (-113.45165308213605 53.50272856255465)
2070,Belmont,1.263276818,53.593124,-113.394379,"(53.59312408353891, -113.39437923899207)",POINT (-113.39437923899207 53.59312408353891)
4310,Meadowlark Park,1.108866874,53.525532,-113.596554,"(53.52553194472455, -113.5965541546899)",POINT (-113.5965541546899 53.52553194472455)
4090,Canora,0.88185589,53.546193,-113.584215,"(53.5461934423508, -113.58421460428093)",POINT (-113.58421460428093 53.5461934423508)
4040,Belmead,1.280632603,53.525603,-113.641015,"(53.525602960944795, -113.6410149967373)",POINT (-113.6410149967373 53.525602960944795)
5576,Keswick Area,3.870060086,53.4176,-113.635797,"(53.41760014629527, -113.63579702564783)",POINT (-113.63579702564783 53.41760014629527)
5370,River Valley Mayfair,2.347954976,53.529565,-113.544179,"(53.52956527494185, -113.54417943367403)",POINT (-113.54417943367403 53.52956527494185)
4070,Callingwood North,0.910734692,53.507598,-113.623025,"(53.50759781965531, -113.62302473074156)",POINT (-113.62302473074156 53.50759781965531)
5050,Blackmud Creek Ravine,0.875489557,53.44687,-113.524166,"(53.446869928686134, -113.52416566872257)",POINT (-113.52416566872257 53.446869928686134)
5040,Belgravia,0.867544792,53.511796,-113.532729,"(53.51179560322663, -113.53272944407274)",POINT (-113.53272944407274 53.51179560322663)
6140,Crawford Plains,1.126540856,53.441837,-113.406216,"(53.44183745503615, -113.40621587784102)",POINT (-113.40621587784102 53.44183745503615)
6540,Morris Industrial,1.295051466,53.520507,-113.402875,"(53.52050704727182, -113.40287507997164)",POINT (-113.40287507997164 53.52050704727182)
3140,Crestwood,1.16815783,53.535434,-113.569038,"(53.53543354829023, -113.56903784940349)",POINT (-113.56903784940349 53.53543354829023)
5457,Callaghan,0.8179145,53.407345,-113.526792,"(53.40734516363962, -113.52679196291469)",POINT (-113.52679196291469 53.40734516363962)
2360,Industrial Heights,0.743856643,53.580983,-113.437473,"(53.580982530949015, -113.43747298214063)",POINT (-113.43747298214063 53.580982530949015)
6661,Charlesworth,2.660274089,53.428544,-113.41813,"(53.428543793813674, -113.41813010923126)",POINT (-113.41813010923126 53.428543793813674)
4630,White Industrial,1.925728666,53.564715,-113.648618,"(53.56471456243786, -113.64861763738334)",POINT (-113.64861763738334 53.56471456243786)
6150,Daly Grove,0.947730363,53.449537,-113.400727,"(53.449536501619576, -113.40072733189945)",POINT (-113.40072733189945 53.449536501619576)
4650,Winterburn Industrial Area East,5.652738435,53.556945,-113.675308,"(53.556944773684336, -113.6753082674412)",POINT (-113.6753082674412 53.556944773684336)
4030,Armstrong Industrial,1.113634758,53.565863,-113.621263,"(53.56586317158347, -113.62126319859507)",POINT (-113.62126319859507 53.56586317158347)
3270,Laurier Heights,1.325826546,53.514255,-113.569332,"(53.51425496981052, -113.56933192807409)",POINT (-113.56933192807409 53.51425496981052)
5400,River Valley Whitemud,1.51476605,53.505152,-113.55047,"(53.50515157917371, -113.55046983068732)",POINT (-113.55046983068732 53.50515157917371)
6360,King Edward Park,1.493722068,53.515151,-113.45057,"(53.515151157263325, -113.45056960491442)",POINT (-113.45056960491442 53.515151157263325)
4300,McNamara Industrial,0.978108406,53.554078,-113.621277,"(53.55407815122625, -113.62127738571836)",POINT (-113.62127738571836 53.55407815122625)
6320,Idylwylde,0.664832905,53.52163,-113.449114,"(53.52162991520384, -113.44911385648135)",POINT (-113.44911385648135 53.52162991520384)
4015,Anthony Henday Mistatim,2.440130619,53.608478,-113.611955,"(53.60847815275362, -113.61195468481685)",POINT (-113.61195468481685 53.60847815275362)
2463,Crystallina Nera West,0.85704363,53.64032,-113.460383,"(53.64032041132357, -113.46038345742033)",POINT (-113.46038345742033 53.64032041132357)
5320,Pleasantview,1.48039114,53.493176,-113.507131,"(53.49317552741458, -113.50713136285961)",POINT (-113.50713136285961 53.49317552741458)
5520,University of Alberta,1.195997308,53.523577,-113.522847,"(53.52357681353521, -113.5228471646501)",POINT (-113.5228471646501 53.52357681353521)
5477,Mactaggart,1.035831655,53.437903,-113.561047,"(53.43790311757381, -113.561046561147)",POINT (-113.561046561147 53.43790311757381)
5390,River Valley Walterdale,1.487446197,53.530575,-113.519754,"(53.53057521763347, -113.51975395556912)",POINT (-113.51975395556912 53.53057521763347)
3250,Kensington,1.32538333,53.595863,-113.528924,"(53.59586260684152, -113.52892377480546)",POINT (-113.52892377480546 53.59586260684152)
3381,River Valley Glenora,0.652514449,53.542611,-113.549025,"(53.542611368352006, -113.54902508994749)",POINT (-113.54902508994749 53.542611368352006)
4013,Anthony Henday Terwillegar,3.150743367,53.443778,-113.598087,"(53.44377819590031, -113.59808676631324)",POINT (-113.59808676631324 53.44377819590031)
5464,Heritage Valley Town Centre Area,1.034295271,53.406404,-113.543916,"(53.40640411821742, -113.54391587579909)",POINT (-113.54391587579909 53.40640411821742)
5453,Blackmud Creek,0.78065336,53.419661,-113.510788,"(53.41966051953902, -113.5107878288002)",POINT (-113.5107878288002 53.41966051953902)
4320,Mistatim Industrial,6.780322056,53.596836,-113.59977,"(53.59683587007645, -113.59976958104224)",POINT (-113.59976958104224 53.59683587007645)
2410,Kilkenny,1.749930588,53.610378,-113.455119,"(53.610377929087065, -113.45511917405544)",POINT (-113.45511917405544 53.610377929087065)
5080,Brander Gardens,1.016692148,53.495209,-113.579425,"(53.4952094952786, -113.57942476380458)",POINT (-113.57942476380458 53.4952094952786)
4340,Morin Industrial,0.66861281,53.544921,-113.633605,"(53.54492070023586, -113.63360526712503)",POINT (-113.63360526712503 53.54492070023586)
4420,Quesnell Heights,0.207152534,53.509354,-113.573534,"(53.509354322614925, -113.57353363398761)",POINT (-113.57353363398761 53.509354322614925)
4700,Breckenridge Greens,0.565266214,53.516526,-113.684351,"(53.51652572181481, -113.68435099600602)",POINT (-113.68435099600602 53.51652572181481)
2681,Edmonton Energy And Technology Park,53.40072777,53.678232,-113.38006,"(53.67823189381922, -113.3800601956872)",POINT (-113.3800601956872 53.67823189381922)
3040,Beaumaris,1.439972247,53.618422,-113.505007,"(53.61842233818305, -113.50500707136739)",POINT (-113.50500707136739 53.61842233818305)
2020,Balwin,1.402659666,53.587951,-113.455075,"(53.58795101027156, -113.45507534579625)",POINT (-113.45507534579625 53.58795101027156)
4400,Place LaRue,1.041798636,53.539008,-113.633323,"(53.539007704860055, -113.63332341756652)",POINT (-113.63332341756652 53.539007704860055)
6710,Strathearn,0.786297432,53.531292,-113.464047,"(53.53129197975665, -113.46404665854809)",POINT (-113.46404665854809 53.53129197975665)
5430,Royal Gardens,1.218698963,53.479419,-113.528055,"(53.47941921545243, -113.52805526236676)",POINT (-113.52805526236676 53.47941921545243)
3070,Calder,1.34817794,53.588056,-113.528872,"(53.588055781248286, -113.52887205483249)",POINT (-113.52887205483249 53.588055781248286)
3490,Goodridge Corners,2.680715195,53.642395,-113.558741,"(53.64239453374681, -113.55874072738652)",POINT (-113.55874072738652 53.64239453374681)
6040,Bonnie Doon,1.500854364,53.525337,-113.467111,"(53.5253371249322, -113.46711141142592)",POINT (-113.46711141142592 53.5253371249322)
4475,Kinokamau Plains Area,7.078612784,53.585084,-113.620441,"(53.5850842316677, -113.62044143130535)",POINT (-113.62044143130535 53.5850842316677)
6665,Anthony Henday South East,7.421263759,53.443016,-113.354281,"(53.443016315443785, -113.35428123693944)",POINT (-113.35428123693944 53.443016315443785)
6310,Holyrood,1.285449378,53.531361,-113.45019,"(53.5313605818029, -113.45018981988963)",POINT (-113.45018981988963 53.5313605818029)
6180,Eastgate Business Park,2.622636809,53.534014,-113.406351,"(53.534013742245406, -113.40635118814681)",POINT (-113.40635118814681 53.534013742245406)
6290,Hazeldean,1.13318416,53.504206,-113.477889,"(53.504205803712985, -113.47788889905675)",POINT (-113.47788889905675 53.504205803712985)
5310,Parkallen,0.848906409,53.503096,-113.517461,"(53.503095813519074, -113.51746134891283)",POINT (-113.51746134891283 53.503095813519074)
5465,Hays Ridge Area,2.42619963,53.417622,-113.577703,"(53.417622233685385, -113.57770281907861)",POINT (-113.57770281907861 53.417622233685385)
5200,Garneau,0.82898877,53.519911,-113.513536,"(53.519910825465416, -113.51353555959162)",POINT (-113.51353555959162 53.519910825465416)
4640,Wilson Industrial,0.996486221,53.554077,-113.633521,"(53.55407736656933, -113.63352130902574)",POINT (-113.63352130902574 53.55407736656933)
4390,Patricia Heights,0.610739718,53.507564,-113.592293,"(53.50756405698036, -113.5922933189836)",POINT (-113.5922933189836 53.50756405698036)
6280,Greenview,0.98613809,53.475394,-113.42781,"(53.47539385772686, -113.42780973638972)",POINT (-113.42780973638972 53.47539385772686)
2145,Clareview Town Centre,1.363565974,53.601948,-113.406891,"(53.601947807307084, -113.40689125176354)",POINT (-113.40689125176354 53.601947807307084)
2521,McConachie Area,2.605828398,53.636453,-113.431313,"(53.63645310887003, -113.43131250661835)",POINT (-113.43131250661835 53.63645310887003)
6667,Mattson,2.657197232,53.403098,-113.430408,"(53.40309760249421, -113.43040768958295)",POINT (-113.43040768958295 53.40309760249421)
3460,Albany,0.843312229,53.632382,-113.549464,"(53.63238214011547, -113.54946433166832)",POINT (-113.54946433166832 53.63238214011547)
4270,Lymburn,1.56158362,53.507532,-113.6423,"(53.507532410601314, -113.64230021541792)",POINT (-113.64230021541792 53.507532410601314)
6214,Ellerslie Industrial,5.943185105,53.413984,-113.488153,"(53.413984144711144, -113.48815296605483)",POINT (-113.48815296605483 53.413984144711144)
5451,Richford,0.591264419,53.42727,-113.507394,"(53.42726985862683, -113.50739446911601)",POINT (-113.50739446911601 53.42726985862683)
1140,McCauley,1.498170287,53.554605,-113.485098,"(53.55460510253748, -113.4850980163564)",POINT (-113.4850980163564 53.55460510253748)
2241,Eaux Claires,1.286200999,53.621639,-113.485637,"(53.62163883469684, -113.4856371921701)",POINT (-113.4856371921701 53.62163883469684)
5580,Windsor Park,0.758013789,53.524078,-113.536862,"(53.52407815931965, -113.53686248383696)",POINT (-113.53686248383696 53.52407815931965)
5290,McKernan,0.878289139,53.512759,-113.520442,"(53.51275883945096, -113.52044221122382)",POINT (-113.52044221122382 53.51275883945096)
5350,Rhatigan Ridge,1.344077516,53.474506,-113.587569,"(53.474506145469945, -113.5875691214093)",POINT (-113.5875691214093 53.474506145469945)
2640,River Valley Highlands,1.188119952,53.56007,-113.436175,"(53.56006960860826, -113.43617530903235)",POINT (-113.43617530903235 53.56006960860826)
1230,Spruce Avenue,1.214704565,53.564635,-113.499502,"(53.56463543339372, -113.49950159225304)",POINT (-113.49950159225304 53.56463543339372)
3370,Rapperswill,1.027752759,53.635589,-113.53503,"(53.635589013554885, -113.53502955798223)",POINT (-113.53502955798223 53.635589013554885)
6492,Mill Creek Ravine South,0.75861155,53.507712,-113.464836,"(53.50771222558892, -113.46483608342514)",POINT (-113.46483608342514 53.50771222558892)
6200,Ekota,0.819662373,53.44941,-113.442336,"(53.44941007965293, -113.44233568157355)",POINT (-113.44233568157355 53.44941007965293)
4150,Gagnon Estate Industrial,0.556700924,53.580184,-113.585795,"(53.58018417365767, -113.58579493909596)",POINT (-113.58579493909596 53.58018417365767)
4551,Granville,1.362432753,53.504872,-113.682797,"(53.50487164815716, -113.68279691128183)",POINT (-113.68279691128183 53.50487164815716)
8888,Edmonton South West,28.11706701,53.366507,-113.647432,"(53.366506545508585, -113.64743198721749)",POINT (-113.64743198721749 53.366506545508585)
4110,Dechene,0.72424652,53.490436,-113.635953,"(53.49043609353744, -113.63595305062353)",POINT (-113.63595305062353 53.49043609353744)
5070,Blue Quill Estates,0.442514103,53.457627,-113.540195,"(53.45762655689608, -113.54019498722329)",POINT (-113.54019498722329 53.45762655689608)
2010,Abbottsfield,0.409629081,53.574143,-113.388758,"(53.574143433510216, -113.38875800516438)",POINT (-113.38875800516438 53.574143433510216)
4120,Donsdale,0.673213573,53.48563,-113.63546,"(53.485630174260024, -113.63546017643928)",POINT (-113.63546017643928 53.485630174260024)
6590,Pylypow Industrial,3.485793821,53.497288,-113.405989,"(53.49728765541509, -113.4059887770608)",POINT (-113.4059887770608 53.49728765541509)
6491,Mill Creek Ravine North,0.702999013,53.526858,-113.477923,"(53.5268577927483, -113.47792345888683)",POINT (-113.47792345888683 53.5268577927483)
2580,Northmount,1.224062074,53.603205,-113.479629,"(53.60320534665628, -113.47962880481575)",POINT (-113.47962880481575 53.60320534665628)
8886,Edmonton South East,13.13608499,53.381259,-113.369114,"(53.38125942172023, -113.36911386265058)",POINT (-113.36911386265058 53.38125942172023)
5460,Skyrattler,0.617911683,53.45033,-113.522873,"(53.45032999390117, -113.5228730546715)",POINT (-113.5228730546715 53.45032999390117)
2440,Klarvatten,1.656774668,53.637224,-113.476665,"(53.637224004755694, -113.47666510949303)",POINT (-113.47666510949303 53.637224004755694)
5642,South Terwillegar,1.742841269,53.440247,-113.579024,"(53.44024696947394, -113.5790240703156)",POINT (-113.5790240703156 53.44024696947394)
1010,Alberta Avenue,1.680470608,53.568485,-113.485119,"(53.568485381482176, -113.48511916925099)",POINT (-113.48511916925099 53.568485381482176)
3320,Oxford,1.184043975,53.622198,-113.547292,"(53.62219780040741, -113.5472916814565)",POINT (-113.5472916814565 53.62219780040741)
3280,Lorelei,1.220997397,53.624593,-113.504466,"(53.62459274085614, -113.50446576582988)",POINT (-113.50446576582988 53.62459274085614)
5170,Empire Park,1.072123643,53.484366,-113.505859,"(53.484366264491015, -113.50585873120224)",POINT (-113.50585873120224 53.484366264491015)
3230,Huff Bremner Estate Industrial,1.040644116,53.564621,-113.571896,"(53.56462094612833, -113.57189649634562)",POINT (-113.57189649634562 53.56462094612833)
2110,Brintnell,1.409562354,53.621394,-113.407114,"(53.62139439686521, -113.40711431814822)",POINT (-113.40711431814822 53.62139439686521)
4180,Glenwood,1.772615097,53.536417,-113.60277,"(53.53641656323836, -113.60276981021592)",POINT (-113.60276981021592 53.53641656323836)
2430,Kirkness,0.924726616,53.611416,-113.388399,"(53.611416205013775, -113.38839885107339)",POINT (-113.38839885107339 53.611416205013775)
6560,Papaschase Industrial,1.238036979,53.484285,-113.478646,"(53.48428503434259, -113.47864585686872)",POINT (-113.47864585686872 53.48428503434259)
6750,Tipaskan,0.80429214,53.461895,-113.458,"(53.46189538249002, -113.4579998657924)",POINT (-113.4579998657924 53.46189538249002)
2670,Rural North East Horse Hill,13.05737909,53.678364,-113.312513,"(53.67836434135061, -113.31251307857681)",POINT (-113.31251307857681 53.67836434135061)
5210,Grandview Heights,0.561883393,53.501165,-113.54891,"(53.501164827822365, -113.5489101195713)",POINT (-113.5489101195713 53.501164827822365)
4510,Stone Industrial,0.645861456,53.544958,-113.621671,"(53.54495821926104, -113.62167138133896)",POINT (-113.62167138133896 53.54495821926104)
5463,Desrochers Area,1.350821815,53.39935,-113.552704,"(53.399350259547795, -113.55270356757481)",POINT (-113.55270356757481 53.399350259547795)
6390,Larkspur,1.658194912,53.48021,-113.38124,"(53.4802104573005, -113.38123994870551)",POINT (-113.38123994870551 53.4802104573005)
3030,Baturyn,1.406218582,53.63098,-113.504339,"(53.630979825087536, -113.50433944738286)",POINT (-113.50433944738286 53.630979825087536)
5300,Ogilvie Ridge,0.523565014,53.464904,-113.56707,"(53.46490391634022, -113.56706953089312)",POINT (-113.56706953089312 53.46490391634022)
5110,Calgary Trail North,0.747189285,53.490156,-113.494069,"(53.4901564822527, -113.49406917479409)",POINT (-113.49406917479409 53.4901564822527)
5250,Keheewin,1.265768544,53.450243,-113.504513,"(53.4502425302549, -113.50451286886042)",POINT (-113.50451286886042 53.4502425302549)
2462,Crystallina Nera East,0.841843084,53.640784,-113.448768,"(53.64078411972238, -113.44876804448046)",POINT (-113.44876804448046 53.64078411972238)
5270,Lendrum Place,0.859009434,53.4932,-113.522806,"(53.49320004422874, -113.52280579685477)",POINT (-113.52280579685477 53.49320004422874)
5476,Magrath Heights,1.228950103,53.44766,-113.556723,"(53.44766007936832, -113.5567225826967)",POINT (-113.5567225826967 53.44766007936832)
3390,Rosslyn,1.342960407,53.595758,-113.504287,"(53.59575774042817, -113.50428716089968)",POINT (-113.50428716089968 53.59575774042817)
4462,Edgemont,4.257763635,53.469743,-113.670843,"(53.4697433202345, -113.67084264491356)",POINT (-113.67084264491356 53.4697433202345)
2650,River Valley Rundle,2.111673799,53.555592,-113.386939,"(53.555592464421466, -113.38693872347115)",POINT (-113.38693872347115 53.555592464421466)
6780,Weir Industrial,1.635303077,53.511765,-113.406107,"(53.511765061429585, -113.40610727547318)",POINT (-113.40610727547318 53.511765061429585)
1180,Queen Mary Park,1.803836239,53.553321,-113.519654,"(53.55332064211105, -113.51965422624392)",POINT (-113.51965422624392 53.55332064211105)
2550,Montrose,1.31041778,53.575116,-113.44223,"(53.575116228950925, -113.44223031362239)",POINT (-113.44223031362239 53.575116228950925)
2060,Bellevue,0.513748102,53.566417,-113.445942,"(53.566417436159526, -113.4459424714739)",POINT (-113.4459424714739 53.566417436159526)
4160,Gariepy,0.679194198,53.493596,-113.622657,"(53.49359649621341, -113.62265689700894)",POINT (-113.62265689700894 53.49359649621341)
4220,Jamieson Place,1.083079502,53.488707,-113.64902,"(53.48870738352453, -113.64901968042588)",POINT (-113.64901968042588 53.48870738352453)
5456,Heritage Valley Area,1.316920209,53.417641,-113.547053,"(53.41764139437991, -113.5470533386145)",POINT (-113.5470533386145 53.41764139437991)
6650,Rosedale Industrial,0.455537866,53.498545,-113.478827,"(53.49854516980345, -113.47882738369466)",POINT (-113.47882738369466 53.49854516980345)
2130,Casselman,0.840373361,53.611349,-113.424132,"(53.611348529466824, -113.42413210029929)",POINT (-113.42413210029929 53.611348529466824)
6550,Ottewell,2.584237357,53.531285,-113.430746,"(53.53128518402029, -113.43074600681692)",POINT (-113.43074600681692 53.53128518402029)
3160,Dominion Industrial,0.982474811,53.57583,-113.571851,"(53.575829793802605, -113.57185127522516)",POINT (-113.57185127522516 53.575829793802605)
2160,Clover Bar Area,19.30352586,53.591512,-113.333357,"(53.59151239160218, -113.33335678346)",POINT (-113.33335678346 53.59151239160218)
5360,Rideau Park,0.801658251,53.479032,-113.505933,"(53.47903247628979, -113.50593303233538)",POINT (-113.50593303233538 53.47903247628979)
4380,Ormsby Place,1.350360606,53.499106,-113.642761,"(53.49910557156211, -113.64276057121194)",POINT (-113.64276057121194 53.49910557156211)
3380,River Valley Capitol Hill,1.687584058,53.531886,-113.559886,"(53.53188605972356, -113.5598856735013)",POINT (-113.5598856735013 53.53188605972356)
5030,Bearspaw,0.865186267,53.443462,-113.500528,"(53.44346178217293, -113.50052801068438)",POINT (-113.50052801068438 53.44346178217293)
6445,Aster,2.049911321,53.451654,-113.35823,"(53.45165412165757, -113.35822962546372)",POINT (-113.35822962546372 53.45165412165757)
2100,Beverly Heights,1.384168383,53.564122,-113.402652,"(53.56412226715621, -113.4026523522456)",POINT (-113.4026523522456 53.56412226715621)
5480,Strathcona,1.563264799,53.52239,-113.490986,"(53.522390203493686, -113.4909855541071)",POINT (-113.4909855541071 53.522390203493686)
3340,Pembina,0.572523449,53.603168,-113.542845,"(53.603167658136954, -113.54284507007947)",POINT (-113.54284507007947 53.603167658136954)
4461,The Hamptons,2.943198065,53.487386,-113.675687,"(53.487385599931166, -113.67568738127676)",POINT (-113.67568738127676 53.487385599931166)
6430,McIntyre Industrial,1.569988922,53.490341,-113.454914,"(53.490341069590805, -113.45491429706715)",POINT (-113.45491429706715 53.490341069590805)
5530,University of Alberta Farm,2.975900951,53.498184,-113.532001,"(53.498184316532985, -113.53200051118017)",POINT (-113.53200051118017 53.498184316532985)
4011,Anthony Henday,4.692821773,53.541319,-113.659059,"(53.541319383564954, -113.65905896242053)",POINT (-113.65905896242053 53.541319383564954)
6020,Avonmore,0.897083405,53.50778,-113.451631,"(53.50777958168241, -113.45163097839595)",POINT (-113.45163097839595 53.50777958168241)
6444,Laurel,2.802383128,53.445799,-113.38147,"(53.44579914092519, -113.38147041094916)",POINT (-113.38147041094916 53.44579914092519)
4474,Starling,1.418890489,53.592264,-113.657843,"(53.59226416926933, -113.65784285169059)",POINT (-113.65784285169059 53.59226416926933)
5220,Greenfield,1.529887226,53.471073,-113.527505,"(53.47107265307113, -113.52750541737437)",POINT (-113.52750541737437 53.47107265307113)
1111,Blatchford Area,3.055363647,53.571985,-113.516997,"(53.571984894044576, -113.51699744310062)",POINT (-113.51699744310062 53.571984894044576)
6668,Meltwater,3.093459273,53.415185,-113.405842,"(53.41518464700762, -113.40584157819822)",POINT (-113.40584157819822 53.41518464700762)
5452,MacEwan,1.140839664,53.428746,-113.526948,"(53.428745684990815, -113.52694799702599)",POINT (-113.52694799702599 53.428745684990815)
6061,Capilano,1.306281047,53.554672,-113.422792,"(53.55467208886297, -113.42279236811986)",POINT (-113.42279236811986 53.55467208886297)
3010,Athlone,1.193231682,53.588026,-113.550982,"(53.58802604233621, -113.55098212002467)",POINT (-113.55098212002467 53.58802604233621)
2090,Bergman,0.708336998,53.579564,-113.409667,"(53.57956358665413, -113.40966725222509)",POINT (-113.40966725222509 53.57956358665413)
6010,Argyll,0.359053778,53.503101,-113.460539,"(53.50310077509508, -113.46053882427935)",POINT (-113.46053882427935 53.50310077509508)
1250,Westwood,0.983007275,53.575942,-113.498585,"(53.57594235516385, -113.49858458540668)",POINT (-113.49858458540668 53.57594235516385)
4530,Sunwapta Industrial,0.675263166,53.544978,-113.645944,"(53.54497845841337, -113.64594419352417)",POINT (-113.64594419352417 53.54497845841337)
4590,West Meadowlark Park,1.117036551,53.525605,-113.609059,"(53.52560545219322, -113.6090586512843)",POINT (-113.6090586512843 53.52560545219322)
6690,Southeast Industrial,6.981476771,53.499715,-113.374605,"(53.499714516033805, -113.3746049513831)",POINT (-113.3746049513831 53.499714516033805)
6190,Edmonton Research and Development Park,1.216429054,53.44622,-113.473032,"(53.446220312731455, -113.47303198825622)",POINT (-113.47303198825622 53.446220312731455)
4050,Bonaventure Industrial,1.27268861,53.591525,-113.57216,"(53.59152496256268, -113.57216038842219)",POINT (-113.57216038842219 53.59152496256268)
1240,Virginia Park,0.507584423,53.560888,-113.450297,"(53.56088810362063, -113.45029682956283)",POINT (-113.45029682956283 53.56088810362063)
5630,Leger,1.056883482,53.457691,-113.577422,"(53.45769067936082, -113.57742198467011)",POINT (-113.57742198467011 53.45769067936082)
5462,Chappelle Area,5.034383636,53.402917,-113.586845,"(53.40291668024122, -113.5868447039775)",POINT (-113.5868447039775 53.40291668024122)
3450,Woodcroft,1.291674764,53.564595,-113.558327,"(53.56459542401217, -113.55832687217452)",POINT (-113.55832687217452 53.56459542401217)
6620,River Valley Gold Bar,2.070693451,53.55227,-113.437568,"(53.552270074281466, -113.43756822088605)",POINT (-113.43756822088605 53.552270074281466)
2050,Belle Rive,1.173443156,53.6223,-113.473596,"(53.62230017578729, -113.47359649183348)",POINT (-113.47359649183348 53.62230017578729)
2340,Hollick-Kenyon,1.533471313,53.622244,-113.422288,"(53.62224418238982, -113.42228786136482)",POINT (-113.42228786136482 53.62224418238982)
4467,River Valley Cameron,2.026058783,53.472357,-113.616077,"(53.47235679378515, -113.61607674195818)",POINT (-113.61607674195818 53.47235679378515)
5505,Ambleside,3.144023725,53.430642,-113.600677,"(53.43064194460821, -113.60067666280382)",POINT (-113.60067666280382 53.43064194460821)
5458,Allard,1.668744052,53.401174,-113.526641,"(53.401173930960695, -113.52664141392435)",POINT (-113.52664141392435 53.401173930960695)
4600,West Sheffield Industrial,0.624060592,53.559493,-113.609044,"(53.55949273333583, -113.60904431356008)",POINT (-113.60904431356008 53.55949273333583)
6270,Gold Bar,1.04482068,53.548908,-113.412004,"(53.54890801185152, -113.41200386839466)",POINT (-113.41200386839466 53.54890801185152)
6070,Cloverdale,1.091063753,53.536858,-113.474012,"(53.53685804859474, -113.47401190528413)",POINT (-113.47401190528413 53.53685804859474)
4410,Poundmaker Industrial,0.663629766,53.552287,-113.645875,"(53.55228729250723, -113.6458751926603)",POINT (-113.6458751926603 53.55228729250723)
4730,Suder Greens,0.981267374,53.524586,-113.677276,"(53.524586490730954, -113.67727619181757)",POINT (-113.67727619181757 53.524586490730954)
4010,Alberta Park Industrial,0.664647754,53.566735,-113.596472,"(53.56673488579477, -113.59647151286094)",POINT (-113.59647151286094 53.56673488579477)
3080,Canossa,1.298590821,53.636192,-113.522686,"(53.63619223058539, -113.52268633048412)",POINT (-113.52268633048412 53.63619223058539)
5280,Malmo Plains,0.940940724,53.485677,-113.528992,"(53.48567699317607, -113.52899210582925)",POINT (-113.52899210582925 53.48567699317607)
6480,Michaels Park,0.83203026,53.479575,-113.446214,"(53.479574887970564, -113.44621358136584)",POINT (-113.44621358136584 53.479574887970564)
2260,Evansdale,1.568066663,53.610841,-113.479569,"(53.6108411103013, -113.47956893114764)",POINT (-113.47956893114764 53.6108411103013)
2380,Kennedale Industrial,1.322440584,53.590871,-113.423376,"(53.59087125320072, -113.42337551633624)",POINT (-113.42337551633624 53.59087125320072)
2590,Overlanders,0.841198454,53.581011,-113.388176,"(53.581010650540904, -113.38817648192281)",POINT (-113.38817648192281 53.581010650540904)
2541,Miller,0.82683283,53.611544,-113.411106,"(53.61154400721793, -113.41110627414426)",POINT (-113.41110627414426 53.61154400721793)
1100,Eastwood,1.131893134,53.576105,-113.46873,"(53.57610461451422, -113.46873040177114)",POINT (-113.46873040177114 53.57610461451422)
4610,Westridge,0.730589728,53.505622,-113.601372,"(53.50562209302866, -113.60137155533928)",POINT (-113.60137155533928 53.50562209302866)
6443,Tamarack,2.54531969,53.464811,-113.359165,"(53.464810647886765, -113.35916507827099)",POINT (-113.35916507827099 53.464810647886765)
8885,Edmonton South Central East,7.288816327,53.381222,-113.455164,"(53.38122208627588, -113.45516386089174)",POINT (-113.45516386089174 53.38122208627588)
4330,Mitchell Industrial,0.5925058,53.574016,-113.584201,"(53.574015777213816, -113.58420113302314)",POINT (-113.58420113302314 53.574015777213816)
5120,Calgary Trail South,0.653892868,53.471191,-113.493532,"(53.47119122489177, -113.4935316343962)",POINT (-113.4935316343962 53.47119122489177)
6216,The Orchards At Ellerslie,3.560643819,53.403087,-113.458166,"(53.4030873490539, -113.4581660132796)",POINT (-113.4581660132796 53.4030873490539)
5490,Sweet Grass,0.917071679,53.464316,-113.527569,"(53.46431590241292, -113.52756884463375)",POINT (-113.52756884463375 53.46431590241292)
4471,Trumpeter Area,2.351185808,53.590903,-113.676605,"(53.590903244040156, -113.67660454948211)",POINT (-113.67660454948211 53.590903244040156)
1210,Riverdale,1.068523841,53.544107,-113.469011,"(53.54410729040709, -113.46901088237121)",POINT (-113.46901088237121 53.54410729040709)
1120,Edmonton Northlands,0.752913521,53.568372,-113.456446,"(53.56837201395926, -113.45644612015836)",POINT (-113.45644612015836 53.56837201395926)
4024,Anthony Henday South Blackburne,1.192096393,53.434475,-113.504617,"(53.434474576027725, -113.50461697999731)",POINT (-113.50461697999731 53.434474576027725)
4660,Youngstown Industrial,0.483841105,53.552476,-113.610588,"(53.552475744672996, -113.61058845718293)",POINT (-113.61058845718293 53.552475744672996)
2251,Ebbers,0.612057046,53.611425,-113.40103,"(53.61142477776731, -113.40102959788088)",POINT (-113.40102959788088 53.61142477776731)
5610,Haddow,1.277238008,53.45475,-113.596489,"(53.45474982252182, -113.59648877700798)",POINT (-113.59648877700798 53.45474982252182)
6160,Davies Industrial East,1.634025581,53.506189,-113.43314,"(53.50618932074611, -113.43313995126871)",POINT (-113.43313995126871 53.50618932074611)
1200,River Valley Victoria,1.298979515,53.534988,-113.523686,"(53.53498830876779, -113.52368603311965)",POINT (-113.52368603311965 53.53498830876779)
2600,Ozerna,1.119814465,53.622275,-113.449024,"(53.62227515498189, -113.44902424994382)",POINT (-113.44902424994382 53.62227515498189)
2120,Canon Ridge,0.652771681,53.578789,-113.379217,"(53.5787889552599, -113.37921650395407)",POINT (-113.37921650395407 53.5787889552599)
